VehicleId,DepotId,InitialLoad,RouteSequence,ClientsServed,DemandsSatisfied,TotalDistance,TotalTime,FuelCost
V1,CD1,125.0,CD1 - C6 - C18 - C17 - C4 - C15 - C22 - C13 - CD1,7,17 - 12 - 25 - 15 - 17 - 18 - 21,51.036500000000004,122.48760000000001,267941.625
V2,CD1,12.0,CD1 - C12 - CD1,1,12,16.0837,38.600880000000004,84439.425
V3,CD1,57.0,CD1 - C19 - C21 - C7 - C2 - CD1,4,11 - 14 - 17 - 15,41.1531,98.76744000000001,216053.775
V4,CD1,15.0,CD1 - C14 - CD1,1,15,11.1015,26.6436,58282.87499999999
V5,CD1,12.0,CD1 - C3 - CD1,1,12,13.652700000000001,32.76648,71676.675
V6,CD1,126.0,CD1 - C8 - C11 - C1 - C10 - C16 - C24 - C9 - C5 - CD1,8,20 - 17 - 13 - 15 - 10 - 11 - 20 - 20,75.5849,181.40376,396820.725
V7,CD1,15.0,CD1 - C20 - CD1,1,15,13.0423,31.301519999999996,68472.075
V8,CD1,15.0,CD1 - C23 - CD1,1,15,12.1251,29.10024,63656.775
